{
  "WashingMachine_Power": {
    "states": [
      0,
      0,
      0,
      0,
      0,
      0,
      0,
      0,
      0,
      1,
      0,
      1,
      1,
      0,
      1,
      0,
      1,
      1,
      1,
      0,
      0,
      0,
      0,
      0
    ],
    "averages": [
      113.57599711660296,
      187.1435835560163,
      262.6248343013227,
      113.24718545153738,
      181.832648460567,
      232.68110507978128,
      189.61575536727906,
      224.68669175213824,
      80.59988946492473,
      297.3197759270668,
      115.19498701294263,
      455.7234373539686,
      337.7414512038231,
      223.68277215510608,
      298.3442148979132,
      157.44530372917652,
      404.9938870176673,
      286.51609801054,
      277.25415402650833,
      120.58808342826863,
      144.50035138130187,
      213.4125923613707,
      113.32918339421352,
      40.29354626139005
    ],
    "binary_average_states": [
      0,
      0,
      0,
      0,
      0,
      0,
      0,
      0,
      0,
      1,
      0,
      1,
      1,
      0,
      1,
      0,
      1,
      1,
      1,
      0,
      0,
      0,
      0,
      0
    ]
  },
  "Heater_Power": {
    "states": [
      1,
      1,
      0,
      1,
      0,
      1,
      1,
      0,
      0,
      1,
      1,
      1,
      0,
      0,
      1,
      0,
      0,
      0,
      0,
      0,
      0,
      1,
      1,
      0
    ],
    "averages": [
      242.43774519537885,
      240.78208327293396,
      201.02951313704253,
      288.34686369846264,
      221.71836512635153,
      242.10710277358692,
      229.53179234176253,
      153.27388503228624,
      201.25268761366607,
      267.569902553161,
      262.10764942765235,
      341.2949503456553,
      181.9005978912115,
      160.35933420757453,
      336.7176936417818,
      178.75068225959936,
      185.67373910993336,
      206.80795231660207,
      187.45153291424114,
      210.35784491648278,
      187.71723874807358,
      259.0170256147782,
      381.1247919122378,
      182.24162520468235
    ],
    "binary_average_states": [
      1,
      1,
      0,
      1,
      0,
      1,
      1,
      0,
      0,
      1,
      1,
      1,
      0,
      0,
      1,
      0,
      0,
      0,
      0,
      0,
      0,
      1,
      1,
      0
    ]
  },
  "AC_Power": {
    "states": [
      0,
      0,
      0,
      1,
      0,
      0,
      1,
      0,
      1,
      1,
      1,
      1,
      1,
      0,
      1,
      1,
      1,
      1,
      1,
      0,
      0,
      0,
      0,
      0
    ],
    "averages": [
      167.92245058019955,
      382.94889640808105,
      641.0843658328056,
      1111.8646530006702,
      1006.5524221142133,
      876.8580797056358,
      1401.462941685319,
      981.6239667693774,
      1152.4291773955026,
      1199.9472320750356,
      1231.575427722931,
      1373.6059943457444,
      1183.5625779390334,
      881.409980938832,
      1689.2805094520252,
      1393.5449921985467,
      1193.1616151094436,
      1159.392606189847,
      1235.2540032188097,
      857.2029101019104,
      728.2334882766008,
      718.8744873841604,
      278.997388591369,
      264.7470088005066
    ],
    "binary_average_states": [
      0,
      0,
      0,
      1,
      0,
      0,
      1,
      0,
      1,
      1,
      1,
      1,
      1,
      0,
      1,
      1,
      1,
      1,
      1,
      0,
      0,
      0,
      0,
      0
    ]
  },
  "VehicleCharger_Power": {
    "states": [
      0,
      0,
      0,
      0,
      0,
      0,
      0,
      0,
      0,
      0,
      0,
      0,
      0,
      0,
      0,
      0,
      0,
      0,
      0,
      0,
      0,
      0,
      1,
      0
    ],
    "averages": [
      19.724633556604385,
      11.577357405424118,
      8.425209403038025,
      1.117186071475347,
      5.889918724695842,
      14.575466040273508,
      4.805251324176789,
      5.812812147537867,
      2.15213944700857,
      2.9573756486177443,
      4.41610004901886,
      0.9854981660842895,
      11.174319728215535,
      5.651308912038803,
      4.770721199115117,
      3.746201476454735,
      3.1240528335173923,
      3.0741896217068034,
      10.339359448850155,
      170.0670646349589,
      1207.2179428249597,
      1900.8220648447673,
      2833.3388984362286,
      1926.2960644801458
    ],
    "binary_average_states": [
      0,
      0,
      0,
      0,
      0,
      0,
      0,
      0,
      0,
      0,
      0,
      0,
      0,
      0,
      0,
      0,
      0,
      0,
      0,
      0,
      0,
      0,
      1,
      0
    ]
  },
  "VacuumCleaner_Power": {
    "states": [
      0,
      1,
      0,
      1,
      0,
      0,
      1,
      0,
      0,
      0,
      0,
      0,
      0,
      0,
      1,
      0,
      0,
      0,
      0,
      0,
      1,
      1,
      0,
      0
    ],
    "averages": [
      75.49544127409656,
      206.73993654946486,
      143.93919126639764,
      184.6355206380288,
      123.2625572681427,
      158.96325313448907,
      185.4469554801782,
      89.43931281963984,
      124.40499401489893,
      122.78906469444433,
      161.24804216424624,
      124.91502055029075,
      102.1518305361271,
      158.65973395605883,
      189.22832973400753,
      160.54417869051298,
      124.78327881395816,
      130.81315011580784,
      131.18786970383178,
      43.22242405712605,
      174.42059808075427,
      180.02912467718124,
      118.21795039859911,
      39.21570443312327
    ],
    "binary_average_states": [
      0,
      1,
      0,
      1,
      0,
      0,
      1,
      0,
      0,
      0,
      0,
      0,
      0,
      0,
      1,
      0,
      0,
      0,
      0,
      0,
      1,
      1,
      0,
      0
    ]
  },
  "aggregate_forecast": [
    619.1562677228823,
    1029.1918571919202,
    1257.1031139406066,
    1699.2114088601743,
    1539.2559116939703,
    1525.1850067337666,
    2010.8626961987156,
    1454.8366685209796,
    1560.838887936001,
    1890.5833508983255,
    1774.542206376791,
    2296.5249007617435,
    1816.5307772984106,
    1429.7631301696101,
    2518.341468924843,
    1894.0313583542902,
    1911.7365728845198,
    1786.6039962545037,
    1841.486919312241,
    1401.438327138747,
    2442.08961931169,
    3272.1552948822577,
    3725.008212732648,
    2452.793949179848
  ]
}