{
  "WashingMachine_Power": {
    "states": [
      0,
      0,
      1,
      0,
      1,
      0,
      1,
      1,
      0,
      0,
      0,
      0,
      0,
      1,
      0,
      1,
      0,
      0,
      1,
      0,
      0,
      0,
      0,
      0
    ],
    "averages": [
      75.12954111993312,
      230.89620443483193,
      264.1131701141596,
      200.04630171507597,
      453.1980048450331,
      158.7723454095423,
      307.646468274792,
      337.3543011983236,
      70.89878727893034,
      235.08112546851237,
      117.78676895846924,
      150.43707427978515,
      146.82535293276112,
      318.6866874277592,
      152.9478548328082,
      296.11600687901176,
      106.50280680954457,
      114.79706431971863,
      267.1834118142724,
      77.3099221094201,
      154.69789451758066,
      78.89249071627856,
      117.4448530972004,
      37.10656364945074
    ],
    "binary_average_states": [
      0,
      0,
      1,
      0,
      1,
      0,
      1,
      1,
      0,
      0,
      0,
      0,
      0,
      1,
      0,
      1,
      0,
      0,
      1,
      0,
      0,
      0,
      0,
      0
    ]
  },
  "Heater_Power": {
    "states": [
      0,
      0,
      0,
      0,
      1,
      0,
      0,
      0,
      0,
      0,
      0,
      0,
      0,
      0,
      0,
      0,
      1,
      0,
      0,
      0,
      0,
      1,
      0,
      0
    ],
    "averages": [
      275.23014479825895,
      131.02786359786987,
      122.63224920630455,
      138.0289150615533,
      374.9523597089574,
      128.8407517552376,
      211.36860661904018,
      296.2048030855755,
      195.4242334574461,
      247.38084831237794,
      230.99922379255295,
      144.13005769103765,
      144.93124324977398,
      266.30930048028625,
      169.24592160979907,
      250.6458561345935,
      326.4020346045494,
      258.3797945107023,
      294.7103080133597,
      232.9603206840654,
      66.69900051554045,
      385.04208513498304,
      276.67020925581454,
      102.54659741930664
    ],
    "binary_average_states": [
      0,
      0,
      0,
      0,
      1,
      0,
      0,
      0,
      0,
      0,
      0,
      0,
      0,
      0,
      0,
      0,
      1,
      0,
      0,
      0,
      0,
      1,
      0,
      0
    ]
  },
  "AC_Power": {
    "states": [
      1,
      0,
      1,
      1,
      1,
      1,
      1,
      1,
      1,
      1,
      1,
      1,
      1,
      1,
      1,
      1,
      1,
      1,
      1,
      1,
      1,
      0,
      0,
      0
    ],
    "averages": [
      572.2124927071234,
      422.9860811755061,
      739.1516329626243,
      1160.834838104248,
      1247.2125897218784,
      1184.2844911277914,
      1248.1207383692265,
      1104.7008014341195,
      1427.7998853842416,
      1020.8303648720185,
      1476.2625514686108,
      1267.350787347555,
      1060.5000063591947,
      1140.1404499262571,
      1109.483877876401,
      1167.9808440645536,
      1339.9268279373646,
      1328.7041095336278,
      995.7967362980048,
      1316.876004020373,
      1060.944000240167,
      453.24024852514265,
      407.02407544056575,
      38.74318518638611
    ],
    "binary_average_states": [
      1,
      0,
      1,
      1,
      1,
      1,
      1,
      1,
      1,
      1,
      1,
      1,
      1,
      1,
      1,
      1,
      1,
      1,
      1,
      1,
      1,
      0,
      0,
      0
    ]
  },
  "VehicleCharger_Power": {
    "states": [
      0,
      0,
      0,
      0,
      0,
      0,
      0,
      0,
      0,
      0,
      0,
      0,
      0,
      0,
      0,
      0,
      0,
      0,
      0,
      0,
      1,
      1,
      1,
      1
    ],
    "averages": [
      10.73701834132274,
      13.72094195485115,
      9.097446272770563,
      10.433623017122349,
      2.507404007514318,
      -0.04247024953365326,
      7.7462631404399875,
      6.933020734786988,
      -6.31469825108846,
      5.733782689770063,
      9.440052503347397,
      7.196920077006022,
      13.638548977424701,
      2.463184189796448,
      9.446248762309551,
      11.934040548404058,
      6.581427244345347,
      4.755469518899917,
      6.193456029891967,
      50.86251621643702,
      1279.47444841067,
      2007.9672581454117,
      2952.290710131327,
      1942.1125310897828
    ],
    "binary_average_states": [
      0,
      0,
      0,
      0,
      0,
      0,
      0,
      0,
      0,
      0,
      0,
      0,
      0,
      0,
      0,
      0,
      0,
      0,
      0,
      0,
      1,
      1,
      1,
      1
    ]
  },
  "VacuumCleaner_Power": {
    "states": [
      0,
      0,
      0,
      0,
      0,
      1,
      0,
      0,
      0,
      0,
      0,
      0,
      0,
      0,
      0,
      0,
      1,
      0,
      0,
      1,
      0,
      0,
      0,
      0
    ],
    "averages": [
      128.39925590232014,
      134.5441756164034,
      127.69527347584565,
      70.58636450429137,
      180.25675117969513,
      197.0795790364345,
      137.83968481024107,
      162.95250283877056,
      139.38290905753772,
      174.7996792435646,
      106.94279465774694,
      127.28751851717631,
      124.87065937618415,
      51.656317031383516,
      123.67150461276373,
      60.33062909245491,
      215.49880404152597,
      140.27705557545025,
      133.46744692375262,
      205.08934694776931,
      110.5743445376555,
      52.24204136331876,
      104.55534090570485,
      6.723220427831014
    ],
    "binary_average_states": [
      0,
      0,
      0,
      0,
      0,
      1,
      0,
      0,
      0,
      0,
      0,
      0,
      0,
      0,
      0,
      0,
      1,
      0,
      0,
      1,
      0,
      0,
      0,
      0
    ]
  },
  "aggregate_forecast": [
    1061.7084528689584,
    933.1752667794625,
    1262.6897720317047,
    1579.930042402291,
    2258.1271094630783,
    1668.9346970794722,
    1912.7217612137397,
    1908.1454292915762,
    1827.1911169270672,
    1683.8258005862435,
    1941.4313913807273,
    1696.40235791256,
    1490.7658108953387,
    1779.2559390554825,
    1564.7954076940816,
    1787.0073767190179,
    1994.9119006373298,
    1846.913493458399,
    1697.3513590792816,
    1883.098109978065,
    2672.3896882216136,
    2977.3841238851346,
    3857.9851888306125,
    2127.2320977727572
  ]
}